client_code,product,push_notification
1,–ö—Ä–µ–¥–∏—Ç–Ω–∞—è –∫–∞—Ä—Ç–∞,"–ê–π–≥–µ—Ä–∏–º, —Ç—Ä–∞—Ç–∏—Ç–µ –Ω–∞ –ª—é–±–∏–º—ã–µ –∫–∞—Ñ–µ –∏ –ø—É—Ç–µ—à–µ—Å—Ç–≤–∏—è –ø—Ä—è–º–æ —Å –∑–∞—Ä–ø–ª–∞—Ç—ã? –° –∫—Ä–µ–¥–∏—Ç–Ω–æ–π –∫–∞—Ä—Ç–æ–π –¥–æ 64 094,47 ‚Ç∏ –æ–∂–∏–¥–∞–µ–º–æ–π –≤—ã–≥–æ–¥—ã –∑–∞ –ø–æ–∫—É–ø–∫–∏ –≤ –∫–∞—Ñ–µ, —Å—É–ø–µ—Ä–º–∞—Ä–∫–µ—Ç–∞—Ö –∏ –ø–æ–µ–∑–¥–∫–∞—Ö –≤–µ—Ä–Ω—ë—Ç—Å—è –≤–∞–º –∫–µ—à–±—ç–∫–æ–º. –û—Ç–∫—Ä–æ–π—Ç–µ –∫–∞—Ä—Ç—É –∏ –ø—Ä–æ–≤–µ—Ä—å—Ç–µ!"
2,–ö—Ä–µ–¥–∏—Ç–Ω–∞—è –∫–∞—Ä—Ç–∞,"–î–∞–Ω–∏—è—Ä, –≤–∞—à–∏ —á–∞—Å—Ç—ã–µ —Ç—Ä–∞—Ç—ã –Ω–∞ –ø—Ä–æ–¥—É–∫—Ç—ã, –∫–∞—Ñ–µ –∏ —Ç–∞–∫—Å–∏ –º–æ–≥—É—Ç —Å—Ç–∞—Ç—å –≤—ã–≥–æ–¥–Ω–µ–µ: —Å –∫—Ä–µ–¥–∏—Ç–Ω–æ–π –∫–∞—Ä—Ç–æ–π –¥–ª—è –ø—Ä–µ–º–∏–∞–ª—å–Ω—ã—Ö –∫–ª–∏–µ–Ω—Ç–æ–≤ –¥–æ 68 727,61 ‚Ç∏ –≤–µ—Ä–Ω—ë—Ç—Å—è –∫–µ—à–±—ç–∫–æ–º –∑–∞ –ª—é–±–∏–º—ã–µ –ø–æ–∫—É–ø–∫–∏. –ü–æ—Å–º–æ—Ç—Ä–µ—Ç—å —É—Å–ª–æ–≤–∏—è ‚Äî —É–¥–æ–±–Ω–æ –≤ –ø—Ä–∏–ª–æ–∂–µ–Ω–∏–∏."
3,–ö—Ä–µ–¥–∏—Ç–Ω–∞—è –∫–∞—Ä—Ç–∞,"–°–∞–±–∏–Ω–∞, –≤–∞—à–∏ –ø–æ–∫—É–ø–∫–∏ ‚Äî —ç—Ç–æ –∫–ª–∞—Å—Å–Ω—ã–µ –ø–æ–µ–∑–¥–∫–∏, –∫–∞—Ñ–µ —Å –¥—Ä—É–∑—å—è–º–∏ –∏ —à–æ–ø–∏–Ω–≥ –Ω–∞ –ø–µ—Ä–µ–∫—É—Å! –° –∫—Ä–µ–¥–∏—Ç–Ω–æ–π –∫–∞—Ä—Ç–æ–π –∑–∞ —Ç–∞–∫–∏–µ —Ä–∞—Å—Ö–æ–¥—ã –≤–∞–º –º–æ–∂–µ—Ç –≤–µ—Ä–Ω—É—Ç—å—Å—è –∫–µ—à–±—ç–∫–æ–º –¥–æ 60 212,41 ‚Ç∏ –∑–∞ –≥–æ–¥. –û—Ç–∫—Ä—ã—Ç—å –∏ –Ω–∞—á–∞—Ç—å —ç–∫–æ–Ω–æ–º–∏—Ç—å?"
4,–ö—Ä–µ–¥–∏—Ç–Ω–∞—è –∫–∞—Ä—Ç–∞,"–¢–∏–º—É—Ä, –≤–∞—à–∏ —Ç—Ä–∞—Ç—ã –Ω–∞ –ø—Ä–æ–¥—É–∫—Ç—ã, –∫–∞—Ñ–µ –∏ —Ç–∞–∫—Å–∏ –ª–µ–≥–∫–æ –º–æ–≥—É—Ç —Å—ç–∫–æ–Ω–æ–º–∏—Ç—å –¥–æ 62 267,43 ‚Ç∏ –≤ –≥–æ–¥ ‚Äî —Å –∫—Ä–µ–¥–∏—Ç–Ω–æ–π –∫–∞—Ä—Ç–æ–π –≤–∞—à–∏ –ø–æ–∫—É–ø–∫–∏ –≤–æ–∑–≤—Ä–∞—â–∞—é—Ç –∫–µ—à–±—ç–∫ –ø—Ä—è–º–æ —Å –∑–∞—Ä–ø–ª–∞—Ç—ã. –ü—Ä–æ–≤–µ—Ä—å—Ç–µ, –Ω–∞ —á—Ç–æ —Ä–µ–∞–ª—å–Ω–æ –º–æ–∂–µ—Ç–µ –≤—ã–∏–≥—Ä–∞—Ç—å!"
5,–ö—Ä–µ–¥–∏—Ç–Ω–∞—è –∫–∞—Ä—Ç–∞,"–ö–∞–º–∏–ª–ª–∞, –¥–ª—è –ø—Ä–µ–º–∏–∞–ª—å–Ω—ã—Ö —Ç—Ä–∞—Ç –≤ –∫–∞—Ñ–µ, –Ω–∞ –ø—Ä–æ–¥—É–∫—Ç—ã –∏ –ø–æ–µ–∑–¥–∫–∏ –∫—Ä–µ–¥–∏—Ç–Ω–∞—è –∫–∞—Ä—Ç–∞ –æ—Ç–∫—Ä—ã–≤–∞–µ—Ç –±–æ–ª—å—à–µ –ø—Ä–∏—è—Ç–Ω—ã—Ö –±–æ–Ω—É—Å–æ–≤: —Å –Ω–µ—ë –æ–∂–∏–¥–∞–µ–º–∞—è –≤—ã–≥–æ–¥–∞ –¥–æ 65 294,99 ‚Ç∏ –∑–∞ –ø–æ–∫—É–ø–∫–∏ –≤ –≤–∞—à–∏—Ö –ª—é–±–∏–º—ã—Ö –∫–∞—Ç–µ–≥–æ—Ä–∏—è—Ö. –ü–æ—Å–º–æ—Ç—Ä–µ—Ç—å —É—Å–ª–æ–≤–∏—è?"
6,–ö—Ä–µ–¥–∏—Ç–Ω–∞—è –∫–∞—Ä—Ç–∞,"–ê—è–Ω, –µ—Å–ª–∏ —á–∞—Å—Ç–æ –ø–ª–∞—Ç–∏—Ç–µ –∑–∞ –ø—Ä–æ–¥—É–∫—Ç—ã, –∫–∞—Ñ–µ –∏ —Ç–∞–∫—Å–∏ ‚Äî –∫—Ä–µ–¥–∏—Ç–Ω–∞—è –∫–∞—Ä—Ç–∞ –ø–æ–º–æ–∂–µ—Ç —Ç—Ä–∞—Ç–∏—Ç—å —Å —É–º–æ–º: –æ–∂–∏–¥–∞–µ–º–∞—è –≤—ã–≥–æ–¥–∞ –¥–æ 69 339,39 ‚Ç∏ –≤ –≥–æ–¥ –±–ª–∞–≥–æ–¥–∞—Ä—è –∫–µ—à–±—ç–∫—É –ø–æ –ª—é–±–∏–º—ã–º –∫–∞—Ç–µ–≥–æ—Ä–∏—è–º. –ü–æ—Å–º–æ—Ç—Ä–µ—Ç—å –¥–µ—Ç–∞–ª–∏üëá"
7,–ö—Ä–µ–¥–∏—Ç–Ω–∞—è –∫–∞—Ä—Ç–∞,"–†—É—Å–ª–∞–Ω, –≤–∞—à –ø—Ä–µ–º–∏–∞–ª—å–Ω—ã–π —Å—Ç–∞—Ç—É—Å ‚Äî —ç—Ç–æ –Ω–µ —Ç–æ–ª—å–∫–æ –æ—Å–æ–±–æ–µ –æ—Ç–Ω–æ—à–µ–Ω–∏–µ. –ö—Ä–µ–¥–∏—Ç–Ω–∞—è –∫–∞—Ä—Ç–∞ –ø–æ–º–æ–≥–∞–µ—Ç —Å—ç–∫–æ–Ω–æ–º–∏—Ç—å –¥–æ 70 696,19 ‚Ç∏ –Ω–∞ –ª—é–±–∏–º—ã—Ö –ø—Ä–æ–¥—É–∫—Ç–∞—Ö, —Ä–µ—Å—Ç–æ—Ä–∞–Ω–∞—Ö –∏ –∫–æ—Å–º–µ—Ç–∏–∫–µ –∑–∞ —Å—á—ë—Ç –∫–µ—à–±—ç–∫–∞ –∏ –ø—Ä–∏–≤–∏–ª–µ–≥–∏–π. –£–∑–Ω–∞—Ç—å –±–æ–ª—å—à–µ."
8,–ö—Ä–µ–¥–∏—Ç–Ω–∞—è –∫–∞—Ä—Ç–∞,"–ú–∞–¥–∏–Ω–∞, –º–Ω–æ–≥–∏–µ –≤–∞—à–∏ —Ä–∞—Å—Ö–æ–¥—ã ‚Äî –ø—Ä–æ–¥—É–∫—Ç—ã, –∫–æ—Å–º–µ—Ç–∏–∫–∞, –∫–∞—Ñ–µ ‚Äî —Å –ö—Ä–µ–¥–∏—Ç–Ω–æ–π –∫–∞—Ä—Ç–æ–π –±—É–¥—É—Ç –ø—Ä–∏–Ω–æ—Å–∏—Ç—å –¥–æ 88 194,95 ‚Ç∏ –≤—ã–≥–æ–¥—ã –≤ –≥–æ–¥ –∫–µ—à–±—ç–∫–æ–º. –£–ø—Ä–∞–≤–ª—è–π—Ç–µ —Ç—Ä–∞—Ç–∞–º–∏ –∏ —ç–∫–æ–Ω–æ–º—å—Ç–µ –ø—Ä—è–º–æ —Å –∑–∞—Ä–ø–ª–∞—Ç—ã. –û—Ç–∫—Ä—ã—Ç—å –∫–∞—Ä—Ç—É?"
9,–ö—Ä–µ–¥–∏—Ç–Ω–∞—è –∫–∞—Ä—Ç–∞,"–ê—Ä–º–∞–Ω, –¥–ª—è –ø—Ä–µ–º–∏–∞–ª—å–Ω—ã—Ö –∫–ª–∏–µ–Ω—Ç–æ–≤ –≤–∞—à–∏ –ø–æ–∫—É–ø–∫–∏ ‚Äî –ø–æ–≤–æ–¥ –¥–ª—è –æ—Å–æ–±—ã—Ö –ø—Ä–∏–≤–∏–ª–µ–≥–∏–π. –ö—Ä–µ–¥–∏—Ç–Ω–∞—è –∫–∞—Ä—Ç–∞ –ø–æ–∑–≤–æ–ª–∏—Ç –≤–µ—Ä–Ω—É—Ç—å –¥–æ 76 905,64 ‚Ç∏ –∑–∞ –ø–æ–≤—Å–µ–¥–Ω–µ–≤–Ω—ã–µ —Ç—Ä–∞—Ç—ã: –ø—Ä–æ–¥—É–∫—Ç—ã, –∫–æ—Å–º–µ—Ç–∏–∫–∞, –∫–∞—Ñ–µ. –í—Å–µ —Ä–∞–±–æ—Ç–∞–µ—Ç –ø—Ä–æ—Å—Ç–æ –∏ –ø—Ä–æ–∑—Ä–∞—á–Ω–æ."
10,–ö—Ä–µ–¥–∏—Ç–Ω–∞—è –∫–∞—Ä—Ç–∞,"–ö–∞—Ä–∏–Ω–∞, —Å –≤–∞—à–µ–π –∫—Ä–µ–¥–∏—Ç–Ω–æ–π –∫–∞—Ä—Ç–æ–π —É–¥–æ–±–Ω—ã–µ –ø–æ–∫—É–ø–∫–∏ –∏ –±–∞–ª–ª—ã –±—É–¥—É—Ç –∫–æ–ø–∏—Ç—å—Å—è –∞–≤—Ç–æ–º–∞—Ç–∏—á–µ—Å–∫–∏ ‚Äî –ø—Ä—è–º–æ —Å –∑–∞—Ä–ø–ª–∞—Ç—ã! –ó–∞ –ø—Ä–æ–¥—É–∫—Ç—ã, —Ä–µ—Å—Ç–æ—Ä–∞–Ω—ã –∏ –∫–æ—Å–º–µ—Ç–∏–∫—É –≤—ã –º–æ–∂–µ—Ç–µ —Å—ç–∫–æ–Ω–æ–º–∏—Ç—å –¥–æ 78 756,33 ‚Ç∏ –∫–µ—à–±—ç–∫–æ–º. –ü–æ–¥–∫–ª—é—á–∏—Ç—å?"
11,–ö—Ä–µ–¥–∏—Ç–Ω–∞—è –∫–∞—Ä—Ç–∞,"–ë–∞—É—ã—Ä–∂–∞–Ω, –¥–ª—è –ø—Ä–µ–º–∏–∞–ª—å–Ω—ã—Ö —Ç—Ä–∞—Ç –≤–∞–∂–µ–Ω –∫–æ–º—Ñ–æ—Ä—Ç: –ö—Ä–µ–¥–∏—Ç–Ω–∞—è –∫–∞—Ä—Ç–∞ –æ—Ç–∫—Ä–æ–µ—Ç –≥–∏–±–∫–∏–π –ª–∏–º–∏—Ç –∏ –ø—Ä–∏–Ω–µ—Å—ë—Ç –æ–∂–∏–¥–∞–µ–º—É—é –≤—ã–≥–æ–¥—É –¥–æ 81 018,78 ‚Ç∏ –∑–∞ –ø–æ–∫—É–ø–∫–∏ –≤ –∫–∞—Ñ–µ, —Ä–µ—Å—Ç–æ—Ä–∞–Ω–∞—Ö –∏ –º–∞–≥–∞–∑–∏–Ω–∞—Ö. –ü–æ—Å–º–æ—Ç—Ä–µ—Ç—å —É—Å–ª–æ–≤–∏—è?"
12,–ö—Ä–µ–¥–∏—Ç–Ω–∞—è –∫–∞—Ä—Ç–∞,"–ñ–∞–Ω–∞—Ä, –ø–æ–ª—å–∑—É–π—Ç–µ—Å—å –∫—Ä–µ–¥–∏—Ç–Ω–æ–π –∫–∞—Ä—Ç–æ–π –¥–ª—è —Ç—Ä–∞—Ç –Ω–∞ –ø—Ä–æ–¥—É–∫—Ç—ã, –∫–∞—Ñ–µ –∏ –∫–æ—Å–º–µ—Ç–∏–∫—É ‚Äî –≤—ã –º–æ–∂–µ—Ç–µ —Å—ç–∫–æ–Ω–æ–º–∏—Ç—å –¥–æ 65 576,40 ‚Ç∏ –∑–∞ —Å—á—ë—Ç –∫–µ—à–±—ç–∫–∞ –Ω–∞ –ª—é–±–∏–º—ã–µ –∫–∞—Ç–µ–≥–æ—Ä–∏–∏. –£–ø—Ä–∞–≤–ª—è–π—Ç–µ –≤—ã–≥–æ–¥–æ–π –ø—Ä—è–º–æ —Å –∑–∞—Ä–ø–ª–∞—Ç–Ω–æ–π –∫–∞—Ä—Ç—ã!"
13,–ö—Ä–µ–¥–∏—Ç–Ω–∞—è –∫–∞—Ä—Ç–∞,"–ê–ª–∏–Ω–∞, —á–∞—Å—Ç–æ –±–µ—Ä—ë—Ç–µ –∫–æ—Ñ–µ –≤ –∫–∞—Ñ–µ –∏–ª–∏ –∑–∞–∫–∞–∑—ã–≤–∞–µ—Ç–µ –µ–¥—É –¥–æ–º–æ–π? –° –∫—Ä–µ–¥–∏—Ç–Ω–æ–π –∫–∞—Ä—Ç–æ–π —Å–º–æ–∂–µ—Ç–µ –≤–µ—Ä–Ω—É—Ç—å –¥–æ 44 141,23 ‚Ç∏ –∑–∞ –ø–æ–∫—É–ø–∫–∏ –≤ –≤–∞—à–∏—Ö –ª—é–±–∏–º—ã—Ö –º–µ—Å—Ç–∞—Ö ‚Äî —É–¥–æ–±–Ω–µ–µ –ø–ª–∞—Ç–∏—Ç—å –∏ —ç–∫–æ–Ω–æ–º–∏—Ç—å –Ω–∞ –ø–æ–≤—Å–µ–¥–Ω–µ–≤–Ω—ã—Ö —Ä–∞—Å—Ö–æ–¥–∞—Ö. –ü–æ–ø—Ä–æ–±—É–π—Ç–µ!"
14,–ö—Ä–µ–¥–∏—Ç–Ω–∞—è –∫–∞—Ä—Ç–∞,"–î–∏–∞—Å, —á–∞—Å—Ç—å –≤–∞—à–∏—Ö —Ç—Ä–∞—Ç —É—Ö–æ–¥–∏—Ç –Ω–∞ –ø—Ä–æ–¥—É–∫—Ç—ã –∏ –ª—é–±–∏–º—ã–µ –∫–∞—Ñ–µ? –ö—Ä–µ–¥–∏—Ç–Ω–∞—è –∫–∞—Ä—Ç–∞ ‚Äî —É–¥–æ–±—Å—Ç–≤–æ –ø—Ä—è–º–æ –ø–æ—Å–ª–µ –∑–∞—Ä–ø–ª–∞—Ç—ã –∏ –∫–µ—à–±—ç–∫: –∑–∞ –≥–æ–¥ —Å –ø—Ä–∏–≤—ã—á–Ω—ã—Ö –ø–æ–∫—É–ø–æ–∫ –º–æ–∂–µ—Ç–µ —Å—ç–∫–æ–Ω–æ–º–∏—Ç—å –¥–æ 57 198,34 ‚Ç∏. –ü–æ–ø—Ä–æ–±–æ–≤–∞—Ç—å?"
15,–ö—Ä–µ–¥–∏—Ç–Ω–∞—è –∫–∞—Ä—Ç–∞,"–ù—É—Ä–∏—è, –≤–∞—à–∏ –ø–æ–∫—É–ø–∫–∏ –≤ –∫–∞—Ñ–µ, —Ä–µ—Å—Ç–æ—Ä–∞–Ω–∞—Ö –∏ –∑–∞ –ø—Ä–æ–¥—É–∫—Ç–∞–º–∏ —Ç–µ–ø–µ—Ä—å –º–æ–≥—É—Ç –ø—Ä–∏–Ω–æ—Å–∏—Ç—å –≤—ã–≥–æ–¥—É: —Å –∫—Ä–µ–¥–∏—Ç–Ω–æ–π –∫–∞—Ä—Ç–æ–π –æ–∂–∏–¥–∞–µ–º–∞—è —ç–∫–æ–Ω–æ–º–∏—è –∑–∞ –≥–æ–¥ ‚Äî –¥–æ 58 475,27 ‚Ç∏ –∫–µ—à–±—ç–∫–æ–º. –ü—Ä–æ–≤–µ—Ä—å—Ç–µ, –∫–∞–∫ —ç—Ç–æ —Ä–∞–±–æ—Ç–∞–µ—Ç ‚Äî –æ—Ç–∫—Ä—ã—Ç—å —Å–µ–π—á–∞—Å."
16,–ö—Ä–µ–¥–∏—Ç–Ω–∞—è –∫–∞—Ä—Ç–∞,"–ï—Ä–∞—Å—ã–ª, –µ—Å–ª–∏ –ª—é–±–∏—Ç–µ –ø–µ—Ä–µ–∫—É—Å–∏—Ç—å –≤ –∫–∞—Ñ–µ –∏–ª–∏ –≥–æ—Ç–æ–≤–∏—Ç—å –¥–æ–º–∞ ‚Äî –≤ —ç—Ç–æ–º –º–µ—Å—è—Ü–µ —Å –∫—Ä–µ–¥–∏—Ç–Ω–æ–π –∫–∞—Ä—Ç–æ–π —Å–º–æ–∂–µ—Ç–µ —Å—ç–∫–æ–Ω–æ–º–∏—Ç—å –¥–æ 41 531,92 ‚Ç∏ –±–ª–∞–≥–æ–¥–∞—Ä—è –∫–µ—à–±—ç–∫—É –Ω–∞ –ª—é–±–∏–º—ã–µ –ø–æ–∫—É–ø–∫–∏. –ü–æ–ø—Ä–æ–±—É–µ—Ç–µ –æ—Ñ–æ—Ä–º–∏—Ç—å?"
17,–ö—Ä–µ–¥–∏—Ç–Ω–∞—è –∫–∞—Ä—Ç–∞,"–ñ–∞–Ω–µ–ª—å, –∫–∞–∂–¥–æ–µ –∫–∞—Ñ–µ –∏–ª–∏ —É–∂–∏–Ω –¥–æ–º–∞ ‚Äî –ø–æ–≤–æ–¥ –¥–ª—è –≤—ã–≥–æ–¥—ã: —Å –∑–∞—Ä–ø–ª–∞—Ç–æ–π –Ω–∞ —Å—á–µ—Ç–µ –∫—Ä–µ–¥–∏—Ç–Ω–∞—è –∫–∞—Ä—Ç–∞ –≤–æ–∑–≤—Ä–∞—â–∞–µ—Ç –¥–æ 54 943,88 ‚Ç∏ –≤ –≥–æ–¥ –Ω–∞ –ø—Ä–æ–¥—É–∫—Ç–∞—Ö –∏ —Ä–µ—Å—Ç–æ—Ä–∞–Ω–∞—Ö –∫–µ—à–±—ç–∫–æ–º. –ü–æ–ø—Ä–æ–±—É–π—Ç–µ ‚Äî —ç–∫–æ–Ω–æ–º–∏—Ç—å —Å—Ç–∞–ª–æ –ø—Ä–æ—â–µ!"
18,–ö—Ä–µ–¥–∏—Ç–Ω–∞—è –∫–∞—Ä—Ç–∞,"–í–∞—à–∏ –ª—é–±–∏–º—ã–µ –∫–∞—Ñ–µ –∏ –ø—Ä–æ–¥—É–∫—Ç—ã –º–æ–≥—É—Ç –ø—Ä–∏–Ω–æ—Å–∏—Ç—å –ø–æ–ª—å–∑—É: –æ—Ñ–æ—Ä–º–∏—Ç–µ –∫—Ä–µ–¥–∏—Ç–Ω—É—é –∫–∞—Ä—Ç—É –∏ —Å—ç–∫–æ–Ω–æ–º—å—Ç–µ –¥–æ 61 954,41 ‚Ç∏ –Ω–∞ –ø—Ä–∏–≤—ã—á–Ω—ã—Ö –ø–æ–∫—É–ø–∫–∞—Ö –∑–∞ –≥–æ–¥. –ü–æ–∫—É–ø–∞–ª–∏ ‚Äì –∏ —á–∞—Å—Ç—å —Å—É–º–º—ã –≤–µ—Ä–Ω—É–ª–∞—Å—å –∫–µ—à–±—ç–∫–æ–º. –ü–æ—Å–º–æ—Ç—Ä–µ—Ç—å —É—Å–ª–æ–≤–∏—è?"
19,–ö—Ä–µ–¥–∏—Ç–Ω–∞—è –∫–∞—Ä—Ç–∞,"–ê–∑–∞–º–∞—Ç, –ø—Ä–∏–≤—ã—á–Ω—ã–µ —Ç—Ä–∞—Ç—ã —Å –∫—Ä–µ–¥–∏—Ç–Ω–æ–π –∫–∞—Ä—Ç–æ–π –º–æ–≥—É—Ç –±—ã—Ç—å –≤—ã–≥–æ–¥–Ω–µ–µ: –∑–∞ –ø–æ–∫—É–ø–∫–∏ –≤ –∫–∞—Ñ–µ, —Ä–µ—Å—Ç–æ—Ä–∞–Ω–∞—Ö, –ø–æ–µ–∑–¥–∫–∏ –Ω–∞ —Ç–∞–∫—Å–∏ –∏ –ø—Ä–æ–¥—É–∫—Ç—ã –ø–∏—Ç–∞–Ω–∏—è –≤—ã –º–æ–∂–µ—Ç–µ —Å—ç–∫–æ–Ω–æ–º–∏—Ç—å –¥–æ 64 444,08 ‚Ç∏ –∑–∞ –≥–æ–¥ ‚Äî –≤—Å—ë –∞–≤—Ç–æ–º–∞—Ç–∏—á–µ—Å–∫–∏ —Å –≤–∞—à–µ–π –∑–∞—Ä–ø–ª–∞—Ç—ã."
20,–ö—Ä–µ–¥–∏—Ç–Ω–∞—è –∫–∞—Ä—Ç–∞,"–ê–Ω–µ–ª—å, –≤–∞—à–∏ –ª—é–±–∏–º—ã–µ –∫–∞—Ñ–µ –∏ —Ç–∞–∫—Å–∏ ‚Äî —Ç–µ–ø–µ—Ä—å —Å –ø–ª—é—Å–æ–º: –∫—Ä–µ–¥–∏—Ç–Ω–∞—è –∫–∞—Ä—Ç–∞ –ø–æ–º–æ–∂–µ—Ç –æ–ø–ª–∞—á–∏–≤–∞—Ç—å –ø–æ–∫—É–ø–∫–∏ —É–¥–æ–±–Ω–µ–µ –∏ –≤–æ–∑–≤—Ä–∞—â–∞—Ç—å –¥–æ 64 414,80 ‚Ç∏ –≤ –≥–æ–¥ –∫–µ—à–±—ç–∫–æ–º –∑–∞ –∫–∞—Ñ–µ, –ø—Ä–æ–¥—É–∫—Ç—ã –∏ –ø–æ–µ–∑–¥–∫–∏. –ü–æ–ø—Ä–æ–±–æ–≤–∞—Ç—å ‚Äî –ª–µ–≥–∫–æ!"
21,–ü—Ä–µ–º–∏–∞–ª—å–Ω–∞—è –∫–∞—Ä—Ç–∞,"–ü–∞–≤–µ–ª, –≤–∞—à –ø—Ä–µ–º–∏–∞–ª—å–Ω—ã–π —Å—Ç–∞—Ç—É—Å ‚Äî —ç—Ç–æ –Ω–µ –ø—Ä–æ—Å—Ç–æ —Å–ª–æ–≤–æ: —Å –ø—Ä–µ–º–∏–∞–ª—å–Ω–æ–π –∫–∞—Ä—Ç–æ–π –æ–∂–∏–¥–∞–µ–º–∞—è –≤—ã–≥–æ–¥–∞ –¥–æ 102 486,82 ‚Ç∏ –∑–∞ –æ–±—ã—á–Ω—ã–µ —Ç—Ä–∞—Ç—ã –Ω–∞ –ø—Ä–æ–¥—É–∫—Ç—ã, —Ä–µ—Å—Ç–æ—Ä–∞–Ω—ã –∏ —Ç–∞–∫—Å–∏. –ü—Ä–∏–≤–∏–ª–µ–≥–∏–∏ –¥–æ–ª–∂–Ω—ã —Ä–∞–±–æ—Ç–∞—Ç—å –¥–ª—è –≤–∞—Å! –û—Ç–∫—Ä—ã—Ç—å –∫–∞—Ä—Ç—É"
22,–ö—Ä–µ–¥–∏—Ç–Ω–∞—è –∫–∞—Ä—Ç–∞,"–ê—Ä—É–∂–∞–Ω, –µ—Å–ª–∏ –ª—é–±–∏—Ç–µ –æ–±–µ–¥—ã –≤ –∫–∞—Ñ–µ, –ø–æ–µ–∑–¥–∫–∏ –Ω–∞ —Ç–∞–∫—Å–∏ –∏ –ø–æ–∫—É–ø–∫–∏ –ø—Ä–æ–¥—É–∫—Ç–æ–≤ —Å —É–¥–æ–±—Å—Ç–≤–æ–º ‚Äî –∫—Ä–µ–¥–∏—Ç–Ω–∞—è –∫–∞—Ä—Ç–∞ –º–æ–∂–µ—Ç –≤–µ—Ä–Ω—É—Ç—å –¥–æ 66 075,07 ‚Ç∏ –∑–∞ –≥–æ–¥ –∫–µ—à–±—ç–∫–æ–º –Ω–∞ —ç—Ç–∏ —Ç—Ä–∞—Ç—ã. –ü–æ–ø—Ä–æ–±—É–π—Ç–µ –æ–ø–ª–∞—á–∏–≤–∞—Ç—å –ø—Ä—è–º–æ —Å –∑–∞—Ä–ø–ª–∞—Ç—ã!"
23,–ö—Ä–µ–¥–∏—Ç–Ω–∞—è –∫–∞—Ä—Ç–∞,"–¢–µ–º–∏—Ä–ª–∞–Ω, —á–∞—â–µ –≤—Å–µ–≥–æ —Ç—Ä–∞—Ç–∏—Ç–µ –Ω–∞ –ø—Ä–æ–¥—É–∫—Ç—ã –∏ –∫–∞—Ñ–µ? –ö—Ä–µ–¥–∏—Ç–Ω–∞—è –∫–∞—Ä—Ç–∞ –ø–æ–º–æ–∂–µ—Ç –¥–µ—Ä–∂–∞—Ç—å —Ä–∞—Å—Ö–æ–¥—ã –ø–æ–¥ –∫–æ–Ω—Ç—Ä–æ–ª–µ–º –∏ –≤–µ—Ä–Ω—É—Ç—å –¥–æ 65 581,98 ‚Ç∏ –≤ –≥–æ–¥ –±–ª–∞–≥–æ–¥–∞—Ä—è –∫–µ—à–±—ç–∫—É –∑–∞ –ø–æ–∫—É–ø–∫–∏ –∏ –ø–æ–µ–∑–¥–∫–∏. –ü–æ–¥—Ä–æ–±–Ω–µ–µ ‚Äî –ü–æ—Å–º–æ—Ç—Ä–µ—Ç—å!"
24,–ö—Ä–µ–¥–∏—Ç–Ω–∞—è –∫–∞—Ä—Ç–∞,"–ì—É–ª—å–º–∏—Ä–∞, –≤–∞—à–∏ —Ç—Ä–∞—Ç—ã –Ω–∞ –ø—Ä–æ–¥—É–∫—Ç—ã, –∫–∞—Ñ–µ –∏ –ø–æ–µ–∑–¥–∫–∏ —Ç–µ–ø–µ—Ä—å –ø—Ä–∏–Ω–æ—Å—è—Ç –ø–æ–ª—å–∑—É ‚Äî —Å –∫—Ä–µ–¥–∏—Ç–Ω–æ–π –∫–∞—Ä—Ç–æ–π –≤—ã –º–æ–∂–µ—Ç–µ —Å—ç–∫–æ–Ω–æ–º–∏—Ç—å –¥–æ 71 500,96 ‚Ç∏ –∫–µ—à–±—ç–∫–æ–º –∑–∞ —Å—á—ë—Ç –ø—Ä–∏–≤—ã—á–Ω—ã—Ö –ø–æ–∫—É–ø–æ–∫. –ü–æ–ø—Ä–æ–±—É–π—Ç–µ –æ—Ñ–æ—Ä–º–∏—Ç—å –ø—Ä—è–º–æ —Å –∑–∞—Ä–ø–ª–∞—Ç—ã!"
25,–ö—Ä–µ–¥–∏—Ç–Ω–∞—è –∫–∞—Ä—Ç–∞,"–ê–¥–∏–ª—å, –≤–∞—à–∏ —Ç—Ä–∞—Ç—ã –Ω–∞ –ø—Ä–æ–¥—É–∫—Ç—ã, –∫–∞—Ñ–µ –∏ —Ç–∞–∫—Å–∏ –º–æ–∂–Ω–æ —Å–¥–µ–ª–∞—Ç—å –≤—ã–≥–æ–¥–Ω–µ–µ: —Å –∫—Ä–µ–¥–∏—Ç–Ω–æ–π –∫–∞—Ä—Ç–æ–π —É–¥–æ–±–Ω–æ –ø–ª–∞—Ç–∏—Ç—å –ø—Ä—è–º–æ —Å –∑–∞—Ä–ø–ª–∞—Ç—ã –∏ –≤–µ—Ä–Ω—É—Ç—å –¥–æ 64 279,60 ‚Ç∏ ‚Äî –≤—Å—ë –±–ª–∞–≥–æ–¥–∞—Ä—è –∫–µ—à–±—ç–∫—É –≤ –≤–∞—à–∏—Ö –ª—é–±–∏–º—ã—Ö –∫–∞—Ç–µ–≥–æ—Ä–∏—è—Ö. –û—Ñ–æ—Ä–º–∏—Ç—å?"
26,–ö—Ä–µ–¥–∏—Ç–Ω–∞—è –∫–∞—Ä—Ç–∞,"–ú–∞—Ä–∂–∞–Ω, –µ—Å–ª–∏ —á–∞—Å—Ç–æ —Ç—Ä–∞—Ç–∏—Ç–µ –Ω–∞ –ø—Ä–æ–¥—É–∫—Ç—ã, –∫–∞—Ñ–µ –∏–ª–∏ —Ç–∞–∫—Å–∏ ‚Äî –∫—Ä–µ–¥–∏—Ç–Ω–∞—è –∫–∞—Ä—Ç–∞ –ø–æ–º–æ–∂–µ—Ç –∫–æ–Ω—Ç—Ä–æ–ª–∏—Ä–æ–≤–∞—Ç—å —Ä–∞—Å—Ö–æ–¥—ã –∏ –≤–µ—Ä–Ω—É—Ç—å –¥–æ 62 849,39 ‚Ç∏ –∑–∞ –ø–æ–≤—Å–µ–¥–Ω–µ–≤–Ω—ã–µ –ø–æ–∫—É–ø–∫–∏. –ì–æ—Ç–æ–≤—ã –ø–æ–ø—Ä–æ–±–æ–≤–∞—Ç—å? –ü–æ—Å–º–æ—Ç—Ä–µ—Ç—å —É—Å–ª–æ–≤–∏—è."
27,–ö—Ä–µ–¥–∏—Ç–Ω–∞—è –∫–∞—Ä—Ç–∞,"–ù—É—Ä—Å—É–ª—Ç–∞–Ω, —Ç–µ–ø–µ—Ä—å –∫–∞–∂–¥–æ–µ –∫–∞—Ñ–µ, –ø—Ä–æ–¥—É–∫—Ç—ã –∏ —Ç–∞–∫—Å–∏ ‚Äî —à–∞–Ω—Å —Å—ç–∫–æ–Ω–æ–º–∏—Ç—å: —Å –≤–∞—à–µ–π –∫—Ä–µ–¥–∏—Ç–Ω–æ–π –∫–∞—Ä—Ç–æ–π –∑–∞—Ä–ø–ª–∞—Ç–∞ –Ω–µ —Ä–∞—Å—Ö–æ–¥–∏—Ç—Å—è –∑—Ä—è, –∞ –∫–µ—à–±—ç–∫–æ–º –º–æ–∂–µ—Ç –≤–µ—Ä–Ω—É—Ç—å—Å—è –¥–æ 66 540,77 ‚Ç∏. –ü–æ—Å–º–æ—Ç—Ä–µ—Ç—å —É—Å–ª–æ–≤–∏—è –∏ –Ω–∞—á–∞—Ç—å –≤—ã–≥–æ–¥–Ω–æ –ø–æ–ª—å–∑–æ–≤–∞—Ç—å—Å—è!"
28,–ö—Ä–µ–¥–∏—Ç–Ω–∞—è –∫–∞—Ä—Ç–∞,"–ê–ª—Ç—ã–Ω–∞–π, –≤–∞—à–∏ —Ä–∞—Å—Ö–æ–¥—ã –Ω–∞ –ø—Ä–æ–¥—É–∫—Ç—ã, —Ç–∞–∫—Å–∏ –∏ —Ä–µ—Å—Ç–æ—Ä–∞–Ω—ã –º–æ–≥—É—Ç —Ä–∞–±–æ—Ç–∞—Ç—å –Ω–∞ –≤–∞—Å: —Å –∫—Ä–µ–¥–∏—Ç–Ω–æ–π –∫–∞—Ä—Ç–æ–π –¥–æ 61 422,61 ‚Ç∏ –≤–µ—Ä–Ω—ë—Ç—Å—è –∫–µ—à–±—ç–∫–æ–º –∑–∞ –ø–æ–≤—Å–µ–¥–Ω–µ–≤–Ω—ã–µ —Ç—Ä–∞—Ç—ã. –û—Ü–µ–Ω–∏—Ç–µ –≤—ã–≥–æ–¥—É ‚Äî –ø–æ—Å–º–æ—Ç—Ä–µ—Ç—å —É—Å–ª–æ–≤–∏—è."
29,–ö—Ä–µ–¥–∏—Ç–Ω–∞—è –∫–∞—Ä—Ç–∞,"–°–∞—è, –≤–∞—à–∏ –≥–ª–∞–≤–Ω—ã–µ —Ä–∞—Å—Ö–æ–¥—ã ‚Äî –µ–¥–∞, —Ä–µ—Å—Ç–æ—Ä–∞–Ω—ã –∏ —Ç–∞–∫—Å–∏? –° –∫—Ä–µ–¥–∏—Ç–Ω–æ–π –∫–∞—Ä—Ç–æ–π –≥–æ—Ç–æ–≤—ã —Å—ç–∫–æ–Ω–æ–º–∏—Ç—å –¥–æ 71 802,05 ‚Ç∏ –≤ –≥–æ–¥ –±–ª–∞–≥–æ–¥–∞—Ä—è –∫–µ—à–±—ç–∫—É –∏–º–µ–Ω–Ω–æ –≤ —ç—Ç–∏—Ö –∫–∞—Ç–µ–≥–æ—Ä–∏—è—Ö. –û—Ç–∫—Ä—ã—Ç—å –∏ –ø–æ–ª—å–∑–æ–≤–∞—Ç—å—Å—è ‚Äî –≤—Å—ë –ø—Ä–æ—Å—Ç–æ!"
30,–ö—Ä–µ–¥–∏—Ç–Ω–∞—è –∫–∞—Ä—Ç–∞,"–õ—é–±–∏—Ç–µ –ø–æ—Ä–∞–¥–æ–≤–∞—Ç—å —Å–µ–±—è –≤–∫—É—Å–Ω—ã–º —É–∂–∏–Ω–æ–º –∏–ª–∏ –±—ã—Å—Ç—Ä—ã–º —Ç–∞–∫—Å–∏? –û—Ñ–æ—Ä–º–∏—Ç–µ –∫—Ä–µ–¥–∏—Ç–Ω—É—é –∫–∞—Ä—Ç—É –∏ —Å –ø–æ–∫—É–ø–æ–∫ –≤ –∫–∞—Ñ–µ, —Ä–µ—Å—Ç–æ—Ä–∞–Ω–∞—Ö –∏ –ø–æ–µ–∑–¥–∫–∞—Ö –º–æ–∂–µ—Ç–µ —Å—ç–∫–æ–Ω–æ–º–∏—Ç—å –¥–æ 72 524,34 ‚Ç∏ –∫–µ—à–±—ç–∫–æ–º –∑–∞ –≥–æ–¥. –£–∑–Ω–∞—Ç—å –ø–æ–¥—Ä–æ–±–Ω–æ—Å—Ç–∏"
31,–ö—Ä–µ–¥–∏—Ç–Ω–∞—è –∫–∞—Ä—Ç–∞,"–î–∞–º–∏—Ä, –≤–∞—à–∏ —Ç—Ä–∞—Ç—ã –Ω–∞ –ø—Ä–æ–¥—É–∫—Ç—ã –∏ –∫–∞—Ñ–µ –º–æ–≥—É—Ç —Å—Ç–∞—Ç—å –≤—ã–≥–æ–¥–Ω–µ–µ ‚Äî —Å –∫—Ä–µ–¥–∏—Ç–Ω–æ–π –∫–∞—Ä—Ç–æ–π —á–∞—Å—Ç—å —Ä–∞—Å—Ö–æ–¥–æ–≤ –±—É–¥–µ—Ç –≤–æ–∑–≤—Ä–∞—â–∞—Ç—å—Å—è –∫–µ—à–±—ç–∫–æ–º. –û–∂–∏–¥–∞–µ–º–∞—è –≤—ã–≥–æ–¥–∞ –¥–æ 65 350,90 ‚Ç∏ –≤ –≥–æ–¥ –∑–∞ –æ–±—ã—á–Ω—ã–µ –ø–æ–∫—É–ø–∫–∏. –ü–æ—Å–º–æ—Ç—Ä–µ—Ç—å —É—Å–ª–æ–≤–∏—è"
32,–ö—Ä–µ–¥–∏—Ç–Ω–∞—è –∫–∞—Ä—Ç–∞,"–ê–ª–∏—è, –¥–ª—è –ø—Ä–µ–º–∏–∞–ª—å–Ω—ã—Ö –∫–ª–∏–µ–Ω—Ç–æ–≤ –≤–∞—à —Å—Ç–∏–ª—å –∂–∏–∑–Ω–∏ ‚Äî –≤ –¥–µ—Ç–∞–ª—è—Ö: –∫–∞—Ñ–µ, —Ä–µ—Å—Ç–æ—Ä–∞–Ω—ã, —Ç–∞–∫—Å–∏, –ø–æ–∫—É–ø–∫–∏. –ö—Ä–µ–¥–∏—Ç–Ω–∞—è –∫–∞—Ä—Ç–∞ –æ—Ç–∫—Ä—ã–≤–∞–µ—Ç –¥–æ—Å—Ç—É–ø –∫ –ø—Ä–∏–≤–∏–ª–µ–≥–∏—è–º –∏ –¥–∞—ë—Ç –≤—ã–≥–æ–¥—É –¥–æ 92 181,25 ‚Ç∏ –∫–µ—à–±—ç–∫–æ–º –∑–∞ –ø—Ä–∏–≤—ã—á–Ω—ã–µ —Ä–∞—Å—Ö–æ–¥—ã. –û—Ç–∫—Ä—ã—Ç—å –∫–∞—Ä—Ç—É?"
33,–ö—Ä–µ–¥–∏—Ç–Ω–∞—è –∫–∞—Ä—Ç–∞,"–ú–µ—Ä–µ–π, —á–∞—Å—Ç—å —Ç—Ä–∞—Ç –Ω–∞ –ø—Ä–æ–¥—É–∫—Ç—ã, –∫–∞—Ñ–µ –∏–ª–∏ —Ç–∞–∫—Å–∏ –ª–µ–≥–∫–æ –º–æ–∂–µ—Ç –≤–µ—Ä–Ω—É—Ç—å—Å—è –∫ –≤–∞–º: —Å –∫—Ä–µ–¥–∏—Ç–Ω–æ–π –∫–∞—Ä—Ç–æ–π –¥–æ 71 838,52 ‚Ç∏ –∫–µ—à–±—ç–∫–∞ –∑–∞ –æ–±—ã—á–Ω—ã–µ —Ä–∞—Å—Ö–æ–¥—ã –ø—Ä—è–º–æ —Å –∑–∞—Ä–ø–ª–∞—Ç—ã. –ü—Ä–æ–≤–µ—Ä—å—Ç–µ, —Å–∫–æ–ª—å–∫–æ —Å–º–æ–∂–µ—Ç–µ —Å—ç–∫–æ–Ω–æ–º–∏—Ç—å!"
34,–ö—Ä–µ–¥–∏—Ç–Ω–∞—è –∫–∞—Ä—Ç–∞,"–ò–Ω–∫–∞—Ä, –∑–∞–º–µ—Ç–∏–ª–∏ ‚Äî –≤—ã —á–∞—Å—Ç–æ –≤—ã–±–∏—Ä–∞–µ—Ç–µ –∫–∞—Ñ–µ, —Ä–µ—Å—Ç–æ—Ä–∞–Ω—ã –∏–ª–∏ —Ç–∞–∫—Å–∏? –° –∫—Ä–µ–¥–∏—Ç–Ω–æ–π –∫–∞—Ä—Ç–æ–π –¥–æ 68 797,36 ‚Ç∏ –º–æ–∂–µ—Ç –≤–µ—Ä–Ω—É—Ç—å—Å—è –∫–µ—à–±—ç–∫–æ–º –∑–∞ —Ç–∞–∫–∏–µ —Ä–∞—Å—Ö–æ–¥—ã. –ü—Ä–æ–≤–µ—Ä—å—Ç–µ —É—Å–ª–æ–≤–∏—è ‚Äî –ø—É—Å—Ç—å –µ–∂–µ–¥–Ω–µ–≤–Ω—ã–µ —Ç—Ä–∞—Ç—ã –ø—Ä–∏–Ω–æ—Å—è—Ç –≤—ã–≥–æ–¥—É!"
35,–ö—Ä–µ–¥–∏—Ç–Ω–∞—è –∫–∞—Ä—Ç–∞,"–°–∞–º–∞—Ç, –≤–∞—à–∏ —Ä–µ–≥—É–ª—è—Ä–Ω—ã–µ —Ç—Ä–∞—Ç—ã –Ω–∞ —Ä–µ—Å—Ç–æ—Ä–∞–Ω—ã, –ø—Ä–æ–¥—É–∫—Ç—ã –∏ —Ç–∞–∫—Å–∏ –º–æ–≥—É—Ç –≤–µ—Ä–Ω—É—Ç—å –¥–æ 88 600,44 ‚Ç∏ –∑–∞ –≥–æ–¥ —Å –∫—Ä–µ–¥–∏—Ç–Ω–æ–π –∫–∞—Ä—Ç–æ–π ‚Äî –∫—ç—à–±—ç–∫ –Ω–∞—á–∏—Å–ª—è–µ—Ç—Å—è –∑–∞ –∫–∞–∂–¥—É—é –ø–æ–∫—É–ø–∫—É. –≠–∫—Å–∫–ª—é–∑–∏–≤ –¥–ª—è –ø—Ä–µ–º–∏–∞–ª—å–Ω—ã—Ö –∫–ª–∏–µ–Ω—Ç–æ–≤: –ø—Ä–æ–≤–µ—Ä—å—Ç–µ —É—Å–ª–æ–≤–∏—è."
36,–ö—Ä–µ–¥–∏—Ç–Ω–∞—è –∫–∞—Ä—Ç–∞,"–ù–∞–∑—ã–º, —Ç—Ä–∞—Ç–∏—Ç–µ –Ω–∞ –ø—Ä–æ–¥—É–∫—Ç—ã –∏ –∫–∞—Ñ–µ –ø—Ä—è–º–æ —Å –∑–∞—Ä–ø–ª–∞—Ç—ã? –° –Ω–∞—à–µ–π –∫—Ä–µ–¥–∏—Ç–Ω–æ–π –∫–∞—Ä—Ç–æ–π –ø–æ–∫—É–ø–∫–∏ –≤—ã–≥–æ–¥–Ω–µ–µ: –∑–∞ –≥–æ–¥ –º–æ–∂–µ—Ç–µ —Å—ç–∫–æ–Ω–æ–º–∏—Ç—å –¥–æ 64 496,97 ‚Ç∏ –Ω–∞ –µ–¥–µ, —Ä–µ—Å—Ç–æ—Ä–∞–Ω–∞—Ö –∏ –ø–æ–µ–∑–¥–∫–∞—Ö. –ü–æ—Å–º–æ—Ç—Ä–µ—Ç—å, –∫–∞–∫ —ç—Ç–æ —Ä–∞–±–æ—Ç–∞–µ—Ç!"
37,–ö—Ä–µ–¥–∏—Ç–Ω–∞—è –∫–∞—Ä—Ç–∞,"–ì—É–ª—å–Ω–∞—Ä, –≤–∞—à–∏ –æ–±—ã—á–Ω—ã–µ —Ç—Ä–∞—Ç—ã ‚Äî –ø—Ä–æ–¥—É–∫—Ç—ã, –∫–∞—Ñ–µ, —Ç–∞–∫—Å–∏ ‚Äî –º–æ–≥—É—Ç –ø—Ä–∏–Ω–æ—Å–∏—Ç—å –µ—â—ë –±–æ–ª—å—à–µ –ø–æ–ª—å–∑—ã. –° –∑–∞—Ä–ø–ª–∞—Ç–Ω–æ–π –∫—Ä–µ–¥–∏—Ç–Ω–æ–π –∫–∞—Ä—Ç–æ–π —Å—ç–∫–æ–Ω–æ–º–∏—Ç–µ –¥–æ 68 700,83 ‚Ç∏ –∑–∞ —Å—á—ë—Ç –∫–µ—à–±—ç–∫–∞ –Ω–∞ –ª—é–±–∏–º—ã—Ö –∫–∞—Ç–µ–≥–æ—Ä–∏—è—Ö. –ü–æ—Å–º–æ—Ç—Ä–µ—Ç—å –¥–µ—Ç–∞–ª–∏?"
38,–ö—Ä–µ–¥–∏—Ç–Ω–∞—è –∫–∞—Ä—Ç–∞,"–°–µ—Ä–∏–∫, –≤—ã —Ü–µ–Ω–∏—Ç–µ –∫–æ–º—Ñ–æ—Ä—Ç –ø—Ä–µ–º–∏–∞–ª—å–Ω–æ–≥–æ —É—Ä–æ–≤–Ω—è ‚Äî –ø–æ—á–µ–º—É –±—ã –Ω–µ –æ–ø–ª–∞—á–∏–≤–∞—Ç—å –∫–∞—Ñ–µ, —Ä–µ—Å—Ç–æ—Ä–∞–Ω—ã –∏ –ø–æ–µ–∑–¥–∫–∏ –∫—Ä–µ–¥–∏—Ç–Ω–æ–π –∫–∞—Ä—Ç–æ–π? –û–∂–∏–¥–∞–µ–º–∞—è –≤—ã–≥–æ–¥–∞ –¥–æ 88 728,77 ‚Ç∏ –≤–µ—Ä–Ω—ë—Ç—Å—è –∫–µ—à–±—ç–∫–æ–º –∑–∞ –ø—Ä–∏–≤—ã—á–Ω—ã–µ —Ç—Ä–∞—Ç—ã. –ü–æ—Å–º–æ—Ç—Ä–µ—Ç—å —É—Å–ª–æ–≤–∏—è"
39,–ö—Ä–µ–¥–∏—Ç–Ω–∞—è –∫–∞—Ä—Ç–∞,"–õ—è–∑–∑–∞—Ç, —á–∞—Å—Ç—å –ø–æ–∫—É–ø–æ–∫ ‚Äî –ø—Ä–æ–¥—É–∫—Ç—ã, —Ä–µ—Å—Ç–æ—Ä–∞–Ω—ã, —Ç–∞–∫—Å–∏ ‚Äî –º–æ–∂–Ω–æ –¥–µ–ª–∞—Ç—å —Å —É–º–æ–º: —Å –∫—Ä–µ–¥–∏—Ç–Ω–æ–π –∫–∞—Ä—Ç–æ–π —É–¥–æ–±–Ω–æ —Ä–∞—Å—Ö–æ–¥–æ–≤–∞—Ç—å –ø—Ä—è–º–æ —Å –∑–∞—Ä–ø–ª–∞—Ç—ã –∏ –≤–æ–∑–≤—Ä–∞—â–∞—Ç—å –¥–æ 65 718,54 ‚Ç∏ –∫–µ—à–±—ç–∫–æ–º –≤ –º–µ—Å—è—Ü. –ü–æ—Å–º–æ—Ç—Ä–µ—Ç—å —É—Å–ª–æ–≤–∏—è ‚Üí"
40,–ö—Ä–µ–¥–∏—Ç–Ω–∞—è –∫–∞—Ä—Ç–∞,"–ê—Å–∫–∞—Ç, –µ—Å–ª–∏ —á–∞—Å—Ç–æ –æ–ø–ª–∞—á–∏–≤–∞–µ—Ç–µ –ø—Ä–æ–¥—É–∫—Ç—ã, –∫–∞—Ñ–µ –∏–ª–∏ –ø–æ–µ–∑–¥–∫–∏ –Ω–∞ —Ç–∞–∫—Å–∏, –∫—Ä–µ–¥–∏—Ç–Ω–∞—è –∫–∞—Ä—Ç–∞ —Å—Ç–∞–Ω–µ—Ç –Ω–∞–¥—ë–∂–Ω—ã–º –ø–æ–º–æ—â–Ω–∏–∫–æ–º ‚Äî –∏ –≤–µ—Ä–Ω—ë—Ç –¥–æ 75 626,02 ‚Ç∏ –≤ –≥–æ–¥ –∫–µ—à–±—ç–∫–æ–º –Ω–∞ –ø–æ–≤—Å–µ–¥–Ω–µ–≤–Ω—ã–µ —Ç—Ä–∞—Ç—ã. –ü–æ—Å–º–æ—Ç—Ä–µ—Ç—å —É—Å–ª–æ–≤–∏—è."
41,–ö—Ä–µ–¥–∏—Ç–Ω–∞—è –∫–∞—Ä—Ç–∞,"–°–∞–Ω–¥—É–≥–∞—à, —Å –≤–∞—à–µ–π –∫—Ä–µ–¥–∏—Ç–Ω–æ–π –∫–∞—Ä—Ç–æ–π –µ–∂–µ–¥–Ω–µ–≤–Ω—ã–µ –ø–æ–∫—É–ø–∫–∏ ‚Äî –ø—Ä–æ–¥—É–∫—Ç—ã, –∫–∞—Ñ–µ –∏–ª–∏ –ø–æ–µ–∑–¥–∫–∏ –Ω–∞ —Ç–∞–∫—Å–∏ ‚Äî –º–æ–≥—É—Ç –≤–æ–∑–≤—Ä–∞—â–∞—Ç—å –¥–æ 68 603,60 ‚Ç∏ –≤ –≥–æ–¥. –û–ø–ª–∞—á–∏–≤–∞–π—Ç–µ –ø—Ä–∏–≤—ã—á–Ω–æ–µ –∏ —ç–∫–æ–Ω–æ–º—å—Ç–µ —Ä–∞–∑—É–º–Ω–æ. –ü–æ—Å–º–æ—Ç—Ä–µ—Ç—å —É—Å–ª–æ–≤–∏—è"
42,–ö—Ä–µ–¥–∏—Ç–Ω–∞—è –∫–∞—Ä—Ç–∞,"–†—É—Å—Ç–µ–º, –≤–∞—à–∏ —Ç—Ä–∞—Ç—ã –Ω–∞ –∫–∞—Ñ–µ, –ø—Ä–æ–¥—É–∫—Ç—ã –∏ —Ç–∞–∫—Å–∏ –º–æ–≥—É—Ç –ø—Ä–∏–Ω–æ—Å–∏—Ç—å –¥–æ 94 433,79 ‚Ç∏ –≤ –≥–æ–¥ —Å –∫—Ä–µ–¥–∏—Ç–Ω–æ–π –∫–∞—Ä—Ç–æ–π ‚Äî –∫–µ—à–±—ç–∫ –≤–æ–∑–≤—Ä–∞—â–∞–µ—Ç—Å—è –∑–∞ –ø—Ä–∏–≤—ã—á–Ω—ã–µ –ø–æ–∫—É–ø–∫–∏. –ü—Ä–∏–≤–∏–ª–µ–≥–∏–∏ –ø—Ä–µ–º–∏–∞–ª—å–Ω–æ–≥–æ –∫–ª–∏–µ–Ω—Ç–∞ –≤—Å–µ–≥–¥–∞ —Å –≤–∞–º–∏."
43,–ö—Ä–µ–¥–∏—Ç–Ω–∞—è –∫–∞—Ä—Ç–∞,"–ù—É—Ä—Ç–∞—Å, –≤—ã —á–∞—Å—Ç–æ –ø–ª–∞—Ç–∏—Ç–µ –∑–∞ –ø—Ä–æ–¥—É–∫—Ç—ã, –∫–∞—Ñ–µ –∏ –ø–æ–µ–∑–¥–∫–∏ —Å—Ä–∞–∑—É —Å –∫–∞—Ä—Ç—ã. –° –∫—Ä–µ–¥–∏—Ç–Ω–æ–π –∫–∞—Ä—Ç–æ–π —á–∞—Å—Ç—å –≤–∞—à–∏—Ö —Ä–∞—Å—Ö–æ–¥–æ–≤ –≤–µ—Ä–Ω—ë—Ç—Å—è –∫–µ—à–±—ç–∫–æ–º ‚Äî –º–æ–∂–Ω–æ —Å—ç–∫–æ–Ω–æ–º–∏—Ç—å –¥–æ 66 600,31 ‚Ç∏ –≤ –≥–æ–¥. –ì–æ—Ç–æ–≤—ã –ø–æ–ø—Ä–æ–±–æ–≤–∞—Ç—å? –û—Ñ–æ—Ä–º–∏—Ç—å —Å–µ–π—á–∞—Å."
44,–ö—Ä–µ–¥–∏—Ç–Ω–∞—è –∫–∞—Ä—Ç–∞,"–ê–π–Ω–∞–≥—É–ª—å, –≤–∞—à–∏ —Ç—Ä–∞—Ç—ã –Ω–∞ –ø—Ä–æ–¥—É–∫—Ç—ã, –∫–∞—Ñ–µ –∏ —Ç–∞–∫—Å–∏ –º–æ–≥—É—Ç —Å—Ç–∞—Ç—å –≤—ã–≥–æ–¥–Ω–µ–µ —Å –∫—Ä–µ–¥–∏—Ç–Ω–æ–π –∫–∞—Ä—Ç–æ–π: –¥–æ 67 068,03 ‚Ç∏ –æ–∂–∏–¥–∞–µ–º–æ–π —ç–∫–æ–Ω–æ–º–∏–∏ –∑–∞ —Å—á—ë—Ç –∫–µ—à–±—ç–∫–∞ –≤ –ª—é–±–∏–º—ã—Ö –∫–∞—Ç–µ–≥–æ—Ä–∏—è—Ö. –ü–æ—Å–º–æ—Ç—Ä–µ—Ç—å –¥–µ—Ç–∞–ª–∏ ‚Äî –æ–¥–Ω–∏–º –∫–ª–∏–∫–æ–º!"
45,–ö—Ä–µ–¥–∏—Ç–Ω–∞—è –∫–∞—Ä—Ç–∞,"–î–∏–∞–Ω–∞, –ª—é–±–∏–º —Ä–µ–º–æ–Ω—Ç –∏ –∫–∞—Ñ–µ? –ö—Ä–µ–¥–∏—Ç–Ω–∞—è –∫–∞—Ä—Ç–∞ –¥–∞—Å—Ç –¥–æ 140 104,40 ‚Ç∏ –≤—ã–≥–æ–¥—ã –≤ –≤–∏–¥–µ –∫–µ—à–±—ç–∫–∞ –∑–∞ –≤–∞—à–∏ —Ç—Ä–∞—Ç—ã –∏–º–µ–Ω–Ω–æ –≤ —ç—Ç–∏—Ö –∫–∞—Ç–µ–≥–æ—Ä–∏—è—Ö ‚Äî –ø—Ä–∏—è—Ç–Ω—ã–π –±–æ–Ω—É—Å –∫ —É–¥–æ–±—Å—Ç–≤—É –æ–ø–ª–∞—Ç—ã –ø—Ä—è–º–æ —Å –∑–∞—Ä–ø–ª–∞—Ç—ã. –ù–∞—á–∞—Ç—å –∏—Å–ø–æ–ª—å–∑–æ–≤–∞—Ç—å?"
46,–ö—Ä–µ–¥–∏—Ç–Ω–∞—è –∫–∞—Ä—Ç–∞,"–ê—Ä—Å–µ–Ω, —á–∞—Å—Ç–æ –ø–æ–ª—å–∑—É–µ—Ç–µ—Å—å –∫–∞—Ñ–µ, —Ä–µ—Å—Ç–æ—Ä–∞–Ω–∞–º–∏ –∏ —Ç–∞–∫—Å–∏? –° –∫—Ä–µ–¥–∏—Ç–Ω–æ–π –∫–∞—Ä—Ç–æ–π –¥–æ 69 139,74 ‚Ç∏ –º–æ–∂–µ—Ç –≤–µ—Ä–Ω—É—Ç—å—Å—è –∫–µ—à–±—ç–∫–æ–º –∑–∞ —Ç–∞–∫–∏–µ —Ç—Ä–∞—Ç—ã ‚Äî —É–¥–æ–±–Ω—ã–π —Å–ø–æ—Å–æ–± –¥–æ–±–∞–≤–∏—Ç—å –≤—ã–≥–æ–¥–Ω—ã—Ö –±–æ–Ω—É—Å–æ–≤ –∫ –ø—Ä–∏–≤—ã—á–Ω—ã–º —Ä–∞—Å—Ö–æ–¥–∞–º. –ü–æ—Å–º–æ—Ç—Ä–µ—Ç—å —É—Å–ª–æ–≤–∏—è"
47,–ö—Ä–µ–¥–∏—Ç–Ω–∞—è –∫–∞—Ä—Ç–∞,"–ö–∞–º—à–∞—Ç, –ø—Ä–∏–≤—ã—á–Ω—ã–µ –ø–æ–∫—É–ø–∫–∏ ‚Äî –ø—Ä–æ–¥—É–∫—Ç—ã, –∫–∞—Ñ–µ, –ø–æ–µ–∑–¥–∫–∏ ‚Äî –º–æ–≥—É—Ç —Å—Ç–∞—Ç—å –≤—ã–≥–æ–¥–Ω–µ–µ: —Å –∫—Ä–µ–¥–∏—Ç–Ω–æ–π –∫–∞—Ä—Ç–æ–π —Å –∑–∞—Ä–ø–ª–∞—Ç–Ω–æ–≥–æ —Å—á—ë—Ç–∞ –≤–∞–º –≤–µ—Ä–Ω—ë—Ç—Å—è –∫–µ—à–±—ç–∫–æ–º –¥–æ 68 062,25 ‚Ç∏ –∑–∞ –≥–æ–¥. –ò—Å–ø–æ–ª—å–∑—É–π—Ç–µ —É–º–Ω–µ–µ ‚Äî –ø–æ—Å–º–æ—Ç—Ä–∏—Ç–µ —É—Å–ª–æ–≤–∏—è!"
48,–ö—Ä–µ–¥–∏—Ç–Ω–∞—è –∫–∞—Ä—Ç–∞,"–ï—Ä–∂–∞–Ω, –≤–∞—à–∏ —Ç—Ä–∞—Ç—ã –Ω–∞ –ø—Ä–æ–¥—É–∫—Ç—ã, –∫–∞—Ñ–µ –∏ —Ç–∞–∫—Å–∏ –º–æ–≥—É—Ç –ø—Ä–∏–Ω–æ—Å–∏—Ç—å –¥–æ 64 047,73 ‚Ç∏ —ç–∫–æ–Ω–æ–º–∏–∏ –≤ –≥–æ–¥ —Å –∫—Ä–µ–¥–∏—Ç–Ω–æ–π –∫–∞—Ä—Ç–æ–π ‚Äî –∫–µ—à–±—ç–∫ –≤–æ–∑–≤—Ä–∞—â–∞–µ—Ç—Å—è –∑–∞ –∫–∞–∂–¥—É—é –≤–∞–∂–Ω—É—é –∫–∞—Ç–µ–≥–æ—Ä–∏—é. –£–∑–Ω–∞–π—Ç–µ, –∫–∞–∫ —Ä–∞–±–æ—Ç–∞–µ—Ç –≤—ã–≥–æ–¥–∞: –ü–æ—Å–º–æ—Ç—Ä–µ—Ç—å."
49,–ö—Ä–µ–¥–∏—Ç–Ω–∞—è –∫–∞—Ä—Ç–∞,"–ê–º–∏–Ω–∞, –µ—Å–ª–∏ –Ω–∞ –¥–æ—Å—Ç–∞–≤–∫—É, –∫–æ—Ñ–µ —Å –¥—Ä—É–∑—å—è–º–∏ –∏ –ø–æ–µ–∑–¥–∫–∏ —Ç—Ä–∞—Ç–∏—Ç—Å—è –ø—Ä–∏–ª–∏—á–Ω–æ ‚Äî –∫—Ä–µ–¥–∏—Ç–Ω–∞—è –∫–∞—Ä—Ç–∞ –≤–µ—Ä–Ω—ë—Ç –¥–æ 69 631,82 ‚Ç∏ –∫–µ—à–±—ç–∫–æ–º. –û–ø–ª–∞—á–∏–≤–∞–π—Ç–µ –ø–æ–∫—É–ø–∫–∏ –∏ –ø–æ–ª—É—á–∞–π—Ç–µ –≤—ã–≥–æ–¥—É –ø—Ä—è–º–æ —Å –≤–∞—à–µ–π –∑–∞—Ä–ø–ª–∞—Ç—ã! –ü–æ—Å–º–æ—Ç—Ä–µ—Ç—å —É—Å–ª–æ–≤–∏—è"
50,–ö—Ä–µ–¥–∏—Ç–Ω–∞—è –∫–∞—Ä—Ç–∞,"–¢–∏–º—É—Ä–ª–∞–Ω, –≤–∞—à–∏ —Ç—Ä–∞—Ç—ã –Ω–∞ –∫–∞—Ñ–µ, –ø—Ä–æ–¥—É–∫—Ç—ã –∏ —Ç–∞–∫—Å–∏ –º–æ–≥—É—Ç –ø—Ä–∏–Ω–æ—Å–∏—Ç—å –±–æ–ª—å—à–µ ‚Äî —Å –ö—Ä–µ–¥–∏—Ç–Ω–æ–π –∫–∞—Ä—Ç–æ–π –¥–ª—è –ø—Ä–µ–º–∏–∞–ª—å–Ω—ã—Ö –∫–ª–∏–µ–Ω—Ç–æ–≤ –æ–∂–∏–¥–∞–µ–º–∞—è –≤—ã–≥–æ–¥–∞ –¥–æ 88 177,41 ‚Ç∏ –∑–∞ —Å—á—ë—Ç –∫–µ—à–±—ç–∫–∞. –ü–æ—Å–º–æ—Ç—Ä–µ—Ç—å –¥–µ—Ç–∞–ª–∏ ‚Üí"
51,–ö—Ä–µ–¥–∏—Ç–Ω–∞—è –∫–∞—Ä—Ç–∞,"–ñ–∞–Ω–∞—Ç, –≤–∞—à–∏ —Ç—Ä–∞—Ç—ã –Ω–∞ –ø—Ä–æ–¥—É–∫—Ç—ã, –≤—Å—Ç—Ä–µ—á–∏ –≤ –∫–∞—Ñ–µ –∏ –ø–æ–µ–∑–¥–∫–∏ –Ω–∞ —Ç–∞–∫—Å–∏ –º–æ–≥—É—Ç —Å—Ç–∞—Ç—å –≤—ã–≥–æ–¥–Ω–µ–µ: —Å –∫—Ä–µ–¥–∏—Ç–Ω–æ–π –∫–∞—Ä—Ç–æ–π —Å –∑–∞—Ä–ø–ª–∞—Ç–Ω–æ–≥–æ —Å—á—ë—Ç–∞ –≤—ã –º–æ–∂–µ—Ç–µ —Å—ç–∫–æ–Ω–æ–º–∏—Ç—å –¥–æ 64 833,45 ‚Ç∏ –≤ –≥–æ–¥ –∑–∞ —Å—á—ë—Ç –∫–µ—à–±—ç–∫–∞ –Ω–∞ –ª—é–±–∏–º—ã–µ –ø–æ–∫—É–ø–∫–∏. –û—Ñ–æ—Ä–º–∏—Ç—å?"
52,–ö—Ä–µ–¥–∏—Ç–Ω–∞—è –∫–∞—Ä—Ç–∞,"–ú–∏–ª–∞–Ω–∞, –≤–∞—à–∏ —á–∞—Å—Ç—ã–µ –ø–æ–µ–∑–¥–∫–∏ –∏ –≤–µ—á–µ—Ä–∞ –≤ –ª—é–±–∏–º—ã—Ö —Ä–µ—Å—Ç–æ—Ä–∞–Ω–∞—Ö —Ç–µ–ø–µ—Ä—å –ø—Ä–∏—è—Ç–Ω–µ–µ ‚Äî —Å –ö—Ä–µ–¥–∏—Ç–Ω–æ–π –∫–∞—Ä—Ç–æ–π –ø—Ä–µ–º–∏–∞–ª—å–Ω–æ–≥–æ –∫–ª–∏–µ–Ω—Ç–∞ –≤—ã –º–æ–∂–µ—Ç–µ —Å—ç–∫–æ–Ω–æ–º–∏—Ç—å –¥–æ 88 070,88 ‚Ç∏ –±–ª–∞–≥–æ–¥–∞—Ä—è –∫–µ—à–±—ç–∫—É –Ω–∞ —Ç–∞–∫—Å–∏, –∫–∞—Ñ–µ –∏ –ø—Ä–æ–¥—É–∫—Ç—ã. –ü–æ—Å–º–æ—Ç—Ä–µ—Ç—å —É—Å–ª–æ–≤–∏—è."
53,–ö—Ä–µ–¥–∏—Ç–Ω–∞—è –∫–∞—Ä—Ç–∞,"–í—ã –∫—Ä—É—Ç–æ —É–ø—Ä–∞–≤–ª—è–µ—Ç–µ —Ä–∞—Å—Ö–æ–¥–∞–º–∏ –Ω–∞ –ø—Ä–æ–¥—É–∫—Ç—ã, –∫–∞—Ñ–µ –∏ —Ç–∞–∫—Å–∏ ‚Äî —Ç–µ–ø–µ—Ä—å —Å –∫—Ä–µ–¥–∏—Ç–Ω–æ–π –∫–∞—Ä—Ç–æ–π —á–∞—Å—Ç—å —Ç—Ä–∞—Ç —Å –∑–∞—Ä–ø–ª–∞—Ç—ã –º–æ–∂–µ—Ç –≤–µ—Ä–Ω—É—Ç—å—Å—è: –æ–∂–∏–¥–∞–µ–º–∞—è –≤—ã–≥–æ–¥–∞ –¥–æ 69 792,20 ‚Ç∏ –∫–µ—à–±—ç–∫–æ–º. –û—Ñ–æ—Ä–º–∏—Ç—å ‚Äî –ø—Ä–æ—Å—Ç–æ –∏ –±—ã—Å—Ç—Ä–æ!"
54,–ö—Ä–µ–¥–∏—Ç–Ω–∞—è –∫–∞—Ä—Ç–∞,"–í–∏–∫—Ç–æ—Ä–∏—è, –≤–∞—à–∏ –ª—é–±–∏–º—ã–µ –∫–∞—Ñ–µ, –æ—Ç–µ–ª–∏ –∏ –ø–æ–∫—É–ø–∫–∏ —Ç–µ–ø–µ—Ä—å –ø—Ä–∏–Ω–æ—Å—è—Ç –±–æ–ª—å—à–µ –ø–æ–ª—å–∑—ã: —Å –ö—Ä–µ–¥–∏—Ç–Ω–æ–π –∫–∞—Ä—Ç–æ–π –≤—ã –º–æ–∂–µ—Ç–µ —Å—ç–∫–æ–Ω–æ–º–∏—Ç—å –¥–æ 100 947,54 ‚Ç∏ –∑–∞ —Å—á—ë—Ç –∫–µ—à–±—ç–∫–∞ –ø–æ –ø–æ–≤—Å–µ–¥–Ω–µ–≤–Ω—ã–º —Ç—Ä–∞—Ç–∞–º. –ü–æ–ø—Ä–æ–±—É–π—Ç–µ ‚Äì –ø—Ä–µ–º–∏—É–º –≤–∏–¥–µ–Ω –≤ –¥–µ—Ç–∞–ª—è—Ö!"
55,–ö—Ä–µ–¥–∏—Ç–Ω–∞—è –∫–∞—Ä—Ç–∞,"–ê—Å–µ–ª—å, –≤–∞—à –ø—Ä–µ–º–∏–∞–ª—å–Ω—ã–π —Å—Ç–∞—Ç—É—Å –ø–æ–∑–≤–æ–ª—è–µ—Ç –±–æ–ª—å—à–µ: —Å –∫—Ä–µ–¥–∏—Ç–Ω–æ–π –∫–∞—Ä—Ç–æ–π –ø—Ä–∏–≤—ã—á–Ω—ã–µ —Ç—Ä–∞—Ç—ã –Ω–∞ –ø—Ä–æ–¥—É–∫—Ç—ã, –∫–∞—Ñ–µ –∏ —Ç–∞–∫—Å–∏ –º–æ–≥—É—Ç –≤–µ—Ä–Ω—É—Ç—å –¥–æ 83 361,23 ‚Ç∏ –≤ –≤–∏–¥–µ –∫–µ—à–±—ç–∫–∞. –£–º–Ω—ã–π –≤—ã–±–æ—Ä ‚Äî —Å–ø–æ–∫–æ–π—Å—Ç–≤–∏–µ –∏ –æ—â—É—Ç–∏–º–∞—è –≤—ã–≥–æ–¥–∞."
56,–ö—Ä–µ–¥–∏—Ç–Ω–∞—è –∫–∞—Ä—Ç–∞,"–ù—É—Ä–∫–µ–Ω, –≤–∞—à–∏ —Ä–∞—Å—Ö–æ–¥—ã –Ω–∞ –ø—Ä–æ–¥—É–∫—Ç—ã, –∫–∞—Ñ–µ –∏ –ø—É—Ç–µ—à–µ—Å—Ç–≤–∏—è –º–æ–≥—É—Ç —Ä–∞–±–æ—Ç–∞—Ç—å –Ω–∞ –≤–∞—Å: —Å –∫—Ä–µ–¥–∏—Ç–Ω–æ–π –∫–∞—Ä—Ç–æ–π —á–∞—Å—Ç—å –ø–æ—Ç—Ä–∞—á–µ–Ω–Ω–æ–≥–æ –≤–µ—Ä–Ω—ë—Ç—Å—è –∫–µ—à–±—ç–∫–æ–º ‚Äî –æ–∂–∏–¥–∞–µ–º–∞—è –≤—ã–≥–æ–¥–∞ –¥–æ 69 980,69 ‚Ç∏. –û—Ñ–æ—Ä–º–∏—Ç—å –∑–∞ –ø–∞—Ä—É –º–∏–Ω—É—Ç ‚Äî –ª–µ–≥–∫–æ –∏ —É–¥–æ–±–Ω–æ!"
57,–ö—Ä–µ–¥–∏—Ç–Ω–∞—è –∫–∞—Ä—Ç–∞,"–ñ–∞–Ω–∏—è, –≤—ã —Ü–µ–Ω–∏—Ç–µ –∫–æ–º—Ñ–æ—Ä—Ç: –∫–∞—Ñ–µ, —É–¥–æ–±–Ω—ã–µ –ø–æ–µ–∑–¥–∫–∏ –∏ —Å–≤–µ–∂–∏–µ –ø—Ä–æ–¥—É–∫—Ç—ã –≤—Å–µ–≥–¥–∞ –ø–æ–¥ —Ä—É–∫–æ–π. –ö—Ä–µ–¥–∏—Ç–Ω–∞—è –∫–∞—Ä—Ç–∞ –æ—Ç–∫—Ä—ã–≤–∞–µ—Ç –Ω–æ–≤—ã–µ –ø—Ä–∏–≤–∏–ª–µ–≥–∏–∏ ‚Äî –æ–∂–∏–¥–∞–µ–º–∞—è –≤—ã–≥–æ–¥–∞ –¥–æ 90 373,60 ‚Ç∏ –∑–∞ –≤–∞—à–∏ –ø—Ä–∏–≤—ã—á–Ω—ã–µ –ø–æ–∫—É–ø–∫–∏. –ü–æ—Å–º–æ—Ç—Ä–µ—Ç—å —É—Å–ª–æ–≤–∏—è."
58,–ö—Ä–µ–¥–∏—Ç–Ω–∞—è –∫–∞—Ä—Ç–∞,"–°—É–ª—Ç–∞–Ω, —É –≤–∞—Å —á–∞—Å—Ç–æ —Ç—Ä–∞—Ç—ã –Ω–∞ –ø—Ä–æ–¥—É–∫—Ç—ã, –∫–∞—Ñ–µ –∏–ª–∏ —Ç–∞–∫—Å–∏? –ö—Ä–µ–¥–∏—Ç–Ω–∞—è –∫–∞—Ä—Ç–∞ –ø–æ–º–æ–∂–µ—Ç –≤–µ—Ä–Ω—É—Ç—å –¥–æ 70 017,10 ‚Ç∏ –≤ –≤–∏–¥–µ –∫–µ—à–±—ç–∫–∞ –ø—Ä—è–º–æ —Å –∑–∞—Ä–ø–ª–∞—Ç—ã ‚Äî –ª–µ–≥–∫–æ –∫–æ–Ω—Ç—Ä–æ–ª–∏—Ä—É–π—Ç–µ —Ä–∞—Å—Ö–æ–¥—ã –∏ –∫–æ–ø–∏—Ç–µ –≤—ã–≥–æ–¥—É. –ù–∞—Å—Ç—Ä–æ–∏—Ç—å –∫–∞—Ä—Ç—É?"
59,–ö—Ä–µ–¥–∏—Ç–Ω–∞—è –∫–∞—Ä—Ç–∞,"–î–∏–Ω–∞—Ä–∞, –∫–∞–∫ –ø—Ä–µ–º–∏–∞–ª—å–Ω—ã–π –∫–ª–∏–µ–Ω—Ç, –≤—ã –∑–∞–±–æ—Ç–∏—Ç–µ—Å—å –æ –±–∞–ª–∞–Ω—Å–µ –∫–æ–º—Ñ–æ—Ä—Ç–∞ –∏ –≤—ã–≥–æ–¥—ã ‚Äî —Å –Ω–∞—à–µ–π –∫—Ä–µ–¥–∏—Ç–Ω–æ–π –∫–∞—Ä—Ç–æ–π –¥–æ 83 479,18 ‚Ç∏ –º–æ–≥—É—Ç –≤–µ—Ä–Ω—É—Ç—å—Å—è –∫–µ—à–±—ç–∫–æ–º –∑–∞ –∫–∞—Ñ–µ, –ø–∏—Ç–∞–Ω–∏–µ –∏ –¥–æ–º–∞—à–Ω–∏–µ —É–∂–∏–Ω—ã. –£–∑–Ω–∞–π—Ç–µ –±–æ–ª—å—à–µ –∏ –ø–æ–ª—å–∑—É–π—Ç–µ—Å—å –ø—Ä–µ–∏–º—É—â–µ—Å—Ç–≤–∞–º–∏!"
60,–ö—Ä–µ–¥–∏—Ç–Ω–∞—è –∫–∞—Ä—Ç–∞,"–ï—Ä–º–µ–∫, –≤–∞—à–∏ —Ä–∞—Å—Ö–æ–¥—ã –Ω–∞ –ø—Ä–æ–¥—É–∫—Ç—ã –∏ –ø–æ–µ–∑–¥–∫–∏ —Ç–µ–ø–µ—Ä—å –º–æ–≥—É—Ç –ø—Ä–∏–Ω–æ—Å–∏—Ç—å –º–∞–∫—Å–∏–º—É–º –≤—ã–≥–æ–¥—ã: —Å –∫—Ä–µ–¥–∏—Ç–Ω–æ–π –∫–∞—Ä—Ç–æ–π –≤—ã —Å—ç–∫–æ–Ω–æ–º–∏—Ç–µ –¥–æ 66 468,01 ‚Ç∏ –∑–∞ —Å—á—ë—Ç –∫–µ—à–±—ç–∫–∞ –Ω–∞ –ø—Ä–∏–≤—ã—á–Ω—ã—Ö –ø–æ–∫—É–ø–∫–∞—Ö. –ü–æ–ø—Ä–æ–±—É–π—Ç–µ ‚Äî –¥–æ—Å—Ç—É–ø –∫ —Å—Ä–µ–¥—Å—Ç–≤–∞–º –ø—Ä—è–º–æ —Å –∑–∞—Ä–ø–ª–∞—Ç—ã!"
